Cell type,T_on,Max dF/dx
Surface ectoderm,0.4213254667,2.1882349022
Primitive erythroid cells,0.3137834353,2.0756897932
First heart field,0.1676610053,1.7172090567
Forebrain/midbrain,0.4273292812,2.1457455429
Placodal area,0.4067469858,2.2886575475
Lateral plate and intermediate mesoderm,0.2180338083,1.6636705814
Hindbrain,0.2557909456,1.7814634046
Spinal cord,0.1376588133,1.6480146315
Gut endoderm,0.2812752160,1.9798856286
Endothelium,0.2554186053,1.7171152970
Cranial neural crest,0.4578359003,2.1543209628
Hematoendothelial progenitors,0.3860472259,2.2861015767
Amniotic ectoderm,0.1692000724,1.7273554343
NMP,0.3640085066,2.0256200585
Paraxial mesoderm,0.3667360881,2.0620748286
Primordial germ cells,0.5151097743,2.5425638612
Notochord,0.1895452695,1.8928378367
Allantois,0.4295999833,2.0906100730
Second heart field,0.2800036548,2.3661226821
